"ASV_ID","kingdom","phylum","class","order","family","genus","species","domain","species_raw","best_id","species_lab"
"ASV1","Eukaryota","Chordata","Actinopteri","Salmoniformes","Salmonidae","Salmo","Salmo macrostigma","Eukaryota","Salmo macrostigma","Salmo macrostigma","Salmo macrostigma 1"
"ASV2","Eukaryota","Chordata","Actinopteri","Clupeiformes","Clupeidae","Clupea","Clupea","Eukaryota",NA,"Clupea","Clupea 1"
"ASV3","Eukaryota","Chordata","Actinopteri","Labriformes","Labridae","Ctenolabrus","Ctenolabrus rupestris","Eukaryota","Ctenolabrus rupestris","Ctenolabrus rupestris","Ctenolabrus rupestris 1"
"ASV4","Eukaryota","Chordata","Actinopteri","Labriformes","Labridae","Ctenolabrus","Ctenolabrus rupestris","Eukaryota","Ctenolabrus rupestris","Ctenolabrus rupestris","Ctenolabrus rupestris 2"
"ASV5","Eukaryota","Chordata","Actinopteri","Clupeiformes","Clupeidae","Clupea","Clupea harengus","Eukaryota","Clupea harengus","Clupea harengus","Clupea harengus 1"
"ASV6","Eukaryota","Chordata","Actinopteri","Cypriniformes","Leuciscidae","Phoxinus","Phoxinus","Eukaryota",NA,"Phoxinus","Phoxinus 1"
"ASV7","Eukaryota","Chordata","Actinopteri","Gadiformes","Gadidae","Pollachius","Pollachius virens","Eukaryota","Pollachius virens","Pollachius virens","Pollachius virens 1"
"ASV8","Eukaryota","Chordata","Actinopteri","Clupeiformes","Clupeidae","Clupea","Clupea pallasii","Eukaryota","Clupea pallasii","Clupea pallasii","Clupea pallasii 1"
"ASV9","Eukaryota","Chordata","Actinopteri","Salmoniformes","Salmonidae","Salmo","Salmo salar","Eukaryota","Salmo salar","Salmo salar","Salmo salar 1"
"ASV10","Eukaryota","Chordata","Actinopteri","Scombriformes","Scombridae","Scomber","Scomber scombrus","Eukaryota","Scomber scombrus","Scomber scombrus","Scomber scombrus 1"
"ASV11","Eukaryota","Chordata","Actinopteri","Perciformes","Pholidae","Pholis","Pholis gunnellus","Eukaryota","Pholis gunnellus","Pholis gunnellus","Pholis gunnellus 1"
"ASV12","Eukaryota","Chordata","Actinopteri","Perciformes","Gasterosteidae","Gasterosteus","Gasterosteus aculeatus","Eukaryota","Gasterosteus aculeatus","Gasterosteus aculeatus","Gasterosteus aculeatus 1"
"ASV13","Eukaryota","Chordata","Actinopteri","Clupeiformes","Clupeidae","Clupea","Clupea harengus","Eukaryota","Clupea harengus","Clupea harengus","Clupea harengus 2"
"ASV14","Eukaryota","Chordata","Actinopteri","Gadiformes","Merlucciidae","Merluccius","Merluccius merluccius","Eukaryota","Merluccius merluccius","Merluccius merluccius","Merluccius merluccius 1"
"ASV15","Eukaryota","Chordata","Mammalia","Primates","Hominidae","Homo","Homo sapiens","Eukaryota","Homo sapiens","Homo sapiens","Homo sapiens 1"
"ASV16","Eukaryota","Chordata","Actinopteri","Gadiformes","Lotidae","Molva","Molva molva","Eukaryota","Molva molva","Molva molva","Molva molva 1"
"ASV17","Eukaryota","Chordata","Actinopteri","Pleuronectiformes","Pleuronectidae","Platichthys","Platichthys stellatus","Eukaryota","Platichthys stellatus","Platichthys stellatus","Platichthys stellatus 1"
"ASV18","Eukaryota","Chordata","Actinopteri","Clupeiformes","Clupeidae","Clupea","Clupea harengus","Eukaryota","Clupea harengus","Clupea harengus","Clupea harengus 3"
"ASV19","Eukaryota","Chordata","Actinopteri","Gadiformes","Gadidae","Pollachius","Pollachius virens","Eukaryota","Pollachius virens","Pollachius virens","Pollachius virens 2"
"ASV20","Eukaryota","Chordata","Actinopteri","Labriformes","Labridae","Labrus","Labrus mixtus","Eukaryota","Labrus mixtus","Labrus mixtus","Labrus mixtus 1"
"ASV21","Eukaryota","Chordata","Actinopteri","Labriformes","Labridae","Labrus","Labrus bergylta","Eukaryota","Labrus bergylta","Labrus bergylta","Labrus bergylta 1"
"ASV22","Eukaryota","Chordata","Actinopteri","Gadiformes","Gadidae","Gadus","Gadus morhua","Eukaryota","Gadus morhua","Gadus morhua","Gadus morhua 1"
"ASV23","Eukaryota","Chordata","Actinopteri","Salmoniformes","Salmonidae","Salvelinus","Salvelinus curilus","Eukaryota","Salvelinus curilus","Salvelinus curilus","Salvelinus curilus 1"
"ASV24","Eukaryota","Chordata","Actinopteri","Pleuronectiformes","Scophthalmidae","Zeugopterus","Zeugopterus punctatus","Eukaryota","Zeugopterus punctatus","Zeugopterus punctatus","Zeugopterus punctatus 1"
"ASV25","Eukaryota","Chordata","Actinopteri","Gadiformes","Lotidae","Lota","Lota lota","Eukaryota","Lota lota","Lota lota","Lota lota 1"
"ASV26","Eukaryota","Chordata","Actinopteri","Pleuronectiformes","Scophthalmidae","Zeugopterus","Zeugopterus norvegicus","Eukaryota","Zeugopterus norvegicus","Zeugopterus norvegicus","Zeugopterus norvegicus 1"
"ASV27","Eukaryota","Chordata","Actinopteri","Gadiformes","Gaidropsaridae","Gaidropsaridae","Gaidropsaridae","Eukaryota",NA,"Gaidropsaridae","Gaidropsaridae"
"ASV28","Eukaryota","Chordata","Actinopteri","Perciformes","Cottidae","Myoxocephalus","Myoxocephalus quadricornis","Eukaryota","Myoxocephalus quadricornis","Myoxocephalus quadricornis","Myoxocephalus quadricornis 1"
"ASV29","Eukaryota","Chordata","Actinopteri","Gobiiformes","Gobiidae","Pomatoschistus","Pomatoschistus pictus","Eukaryota","Pomatoschistus pictus","Pomatoschistus pictus","Pomatoschistus pictus 1"
"ASV30","Eukaryota","Chordata","Actinopteri","Gadiformes","Gadidae","Raniceps","Raniceps raninus","Eukaryota","Raniceps raninus","Raniceps raninus","Raniceps raninus 1"
"ASV31","Eukaryota","Chordata","Actinopteri","Labriformes","Labridae","Symphodus","Symphodus melops","Eukaryota","Symphodus melops","Symphodus melops","Symphodus melops 1"
"ASV32","Eukaryota","Chordata","Actinopteri","Salmoniformes","Salmonidae","Salmo","Salmo labrax","Eukaryota","Salmo labrax","Salmo labrax","Salmo labrax 1"
"ASV33","Eukaryota","Chordata","Actinopteri","Scombriformes","Scombridae","Scomber","Scomber scombrus","Eukaryota","Scomber scombrus","Scomber scombrus","Scomber scombrus 2"
"ASV34","Eukaryota","Chordata","Actinopteri","Clupeiformes","Clupeidae","Clupea","Clupea harengus","Eukaryota","Clupea harengus","Clupea harengus","Clupea harengus 4"
"ASV35","Eukaryota","Chordata","Actinopteri","Pleuronectiformes","Pleuronectidae","Glyptocephalus","Glyptocephalus zachirus","Eukaryota","Glyptocephalus zachirus","Glyptocephalus zachirus","Glyptocephalus zachirus 1"
"ASV36","Eukaryota","Chordata","Actinopteri","Gobiiformes","Gobiidae","Gobiusculus","Gobiusculus flavescens","Eukaryota","Gobiusculus flavescens","Gobiusculus flavescens","Gobiusculus flavescens 1"
"ASV37","Eukaryota","Chordata","Actinopteri","Cypriniformes","Leuciscidae","Phoxinus","Phoxinus","Eukaryota",NA,"Phoxinus","Phoxinus 2"
"ASV38","Eukaryota","Chordata","Actinopteri","Pleuronectiformes","Pleuronectidae","Pleuronectidae","Pleuronectidae","Eukaryota",NA,"Pleuronectidae","Pleuronectidae 1"
"ASV39","Eukaryota","Chordata","Actinopteri","Cypriniformes","Leuciscidae","Phoxinus","Phoxinus","Eukaryota",NA,"Phoxinus","Phoxinus 3"
"ASV40","Eukaryota","Chordata","Actinopteri","Clupeiformes","Clupeidae","Clupea","Clupea harengus","Eukaryota","Clupea harengus","Clupea harengus","Clupea harengus 5"
"ASV41","Eukaryota","Chordata","Actinopteri","Clupeiformes","Clupeidae","Clupea","Clupea","Eukaryota",NA,"Clupea","Clupea 2"
"ASV42","Eukaryota","Chordata","Actinopteri","Gadiformes","Lotidae","Ciliata","Ciliata mustela","Eukaryota","Ciliata mustela","Ciliata mustela","Ciliata mustela"
"ASV43","Eukaryota","Chordata","Actinopteri","Cypriniformes","Leuciscidae","Phoxinus","Phoxinus","Eukaryota",NA,"Phoxinus","Phoxinus 4"
"ASV44","Eukaryota","Chordata","Actinopteri","Gadiformes","Gadidae","Gadiculus","Gadiculus argenteus","Eukaryota","Gadiculus argenteus","Gadiculus argenteus","Gadiculus argenteus"
"ASV45","Eukaryota","Chordata","Actinopteri","Clupeiformes","Clupeidae","Clupea","Clupea harengus","Eukaryota","Clupea harengus","Clupea harengus","Clupea harengus 6"
"ASV46","Eukaryota","Chordata","Actinopteri","Gadiformes","Gadidae","Trisopterus","Trisopterus minutus","Eukaryota","Trisopterus minutus","Trisopterus minutus","Trisopterus minutus"
"ASV47","Eukaryota","Chordata","Actinopteri","Labriformes","Labridae","Centrolabrus","Centrolabrus exoletus","Eukaryota","Centrolabrus exoletus","Centrolabrus exoletus","Centrolabrus exoletus 1"
"ASV48","Eukaryota","Chordata","Actinopteri","Lophiiformes","Lophiidae","Lophius","Lophius piscatorius","Eukaryota","Lophius piscatorius","Lophius piscatorius","Lophius piscatorius"
"ASV49","Eukaryota","Chordata","Mammalia","Artiodactyla","Bovidae","Bos","Bos primigenius","Eukaryota","Bos primigenius","Bos primigenius","Bos primigenius"
"ASV50","Eukaryota","Chordata","Actinopteri","Perciformes","Zoarcidae","Zoarces","Zoarces","Eukaryota",NA,"Zoarces","Zoarces"
"ASV51","Eukaryota","Chordata","Actinopteri","Anguilliformes","Anguillidae","Anguilla","Anguilla anguilla","Eukaryota","Anguilla anguilla","Anguilla anguilla","Anguilla anguilla 1"
"ASV52","Eukaryota","Chordata","Actinopteri","Labriformes","Labridae","Ctenolabrus","Ctenolabrus rupestris","Eukaryota","Ctenolabrus rupestris","Ctenolabrus rupestris","Ctenolabrus rupestris 3"
"ASV53","Eukaryota","Chordata","Actinopteri","Cypriniformes","Leuciscidae","Phoxinus","Phoxinus","Eukaryota",NA,"Phoxinus","Phoxinus 5"
"ASV54","Eukaryota","Chordata","Actinopteri","Labriformes","Labridae","Ctenolabrus","Ctenolabrus rupestris","Eukaryota","Ctenolabrus rupestris","Ctenolabrus rupestris","Ctenolabrus rupestris 4"
"ASV55","Eukaryota","Chordata","Actinopteri","Gadiformes","Lotidae","Ciliata","Ciliata septentrionalis","Eukaryota","Ciliata septentrionalis","Ciliata septentrionalis","Ciliata septentrionalis 1"
"ASV56","Eukaryota","Chordata","Actinopteri","Perciformes","Triglidae","Chelidonichthys","Chelidonichthys spinosus","Eukaryota","Chelidonichthys spinosus","Chelidonichthys spinosus","Chelidonichthys spinosus"
"ASV57","Eukaryota","Chordata","Actinopteri","Clupeiformes","Clupeidae","Clupea","Clupea pallasii","Eukaryota","Clupea pallasii","Clupea pallasii","Clupea pallasii 2"
"ASV58","Eukaryota","Chordata","Actinopteri","Perciformes","Sebastidae","Sebastes","Sebastes viviparus","Eukaryota","Sebastes viviparus","Sebastes viviparus","Sebastes viviparus"
"ASV59","Eukaryota","Chordata","Actinopteri","Perciformes","Cottidae","Taurulus","Taurulus bubalis","Eukaryota","Taurulus bubalis","Taurulus bubalis","Taurulus bubalis"
"ASV60","Eukaryota","Chordata","Actinopteri","Clupeiformes","Clupeidae","Clupea","Clupea harengus","Eukaryota","Clupea harengus","Clupea harengus","Clupea harengus 7"
"ASV61","Eukaryota","Chordata","Actinopteri","Clupeiformes","Clupeidae","Clupea","Clupea harengus","Eukaryota","Clupea harengus","Clupea harengus","Clupea harengus 8"
"ASV62","Eukaryota","Chordata","Actinopteri","Labriformes","Labridae","Labrus","Labrus mixtus","Eukaryota","Labrus mixtus","Labrus mixtus","Labrus mixtus 2"
"ASV63","Eukaryota","Chordata","Actinopteri","Gadiformes","Lotidae","Brosme","Brosme brosme","Eukaryota","Brosme brosme","Brosme brosme","Brosme brosme 1"
"ASV64","Eukaryota","Chordata","Actinopteri","Clupeiformes","Clupeidae","Clupea","Clupea harengus","Eukaryota","Clupea harengus","Clupea harengus","Clupea harengus 9"
"ASV65","Eukaryota","Chordata","Actinopteri","Gadiformes","Gadidae","Pollachius","Pollachius virens","Eukaryota","Pollachius virens","Pollachius virens","Pollachius virens 3"
"ASV66","Eukaryota","Chordata","Actinopteri","Gadiformes","Lotidae","Brosme","Brosme brosme","Eukaryota","Brosme brosme","Brosme brosme","Brosme brosme 2"
"ASV67","Eukaryota","Chordata","Actinopteri","Clupeiformes","Clupeidae","Clupea","Clupea harengus","Eukaryota","Clupea harengus","Clupea harengus","Clupea harengus 10"
"ASV68","Eukaryota","Chordata","Actinopteri","Perciformes","Sebastidae","Sebastes","Sebastes mentella","Eukaryota","Sebastes mentella","Sebastes mentella","Sebastes mentella"
"ASV69","Eukaryota","Chordata","Aves","Anseriformes","Anatidae","Anas","Anas","Eukaryota",NA,"Anas","Anas"
"ASV70","Eukaryota","Chordata","Aves","Anseriformes","Anatidae","Somateria","Somateria mollissima","Eukaryota","Somateria mollissima","Somateria mollissima","Somateria mollissima"
"ASV71","Eukaryota","Chordata","Aves","Anseriformes","Anatidae","Anas","Anas poecilorhyncha","Eukaryota","Anas poecilorhyncha","Anas poecilorhyncha","Anas poecilorhyncha"
"ASV72","Eukaryota","Chordata","Actinopteri","Perciformes","Cottidae","Myoxocephalus","Myoxocephalus quadricornis","Eukaryota","Myoxocephalus quadricornis","Myoxocephalus quadricornis","Myoxocephalus quadricornis 2"
"ASV73","Eukaryota","Chordata","Actinopteri","Gadiformes","Lotidae","Molva","Molva molva","Eukaryota","Molva molva","Molva molva","Molva molva 2"
"ASV74","Eukaryota","Chordata","Actinopteri","Cypriniformes","Leuciscidae","Phoxinus","Phoxinus","Eukaryota",NA,"Phoxinus","Phoxinus 6"
"ASV75","Eukaryota","Chordata","Actinopteri","Clupeiformes","Clupeidae","Clupea","Clupea harengus","Eukaryota","Clupea harengus","Clupea harengus","Clupea harengus 11"
"ASV76","Eukaryota","Chordata","Actinopteri","Perciformes","Cottidae","Myoxocephalus","Myoxocephalus quadricornis","Eukaryota","Myoxocephalus quadricornis","Myoxocephalus quadricornis","Myoxocephalus quadricornis 3"
"ASV77","Eukaryota","Chordata","Actinopteri","Cypriniformes","Leuciscidae","Phoxinus","Phoxinus","Eukaryota",NA,"Phoxinus","Phoxinus 7"
"ASV78","Eukaryota","Chordata","Actinopteri","Labriformes","Labridae","Ctenolabrus","Ctenolabrus rupestris","Eukaryota","Ctenolabrus rupestris","Ctenolabrus rupestris","Ctenolabrus rupestris 5"
"ASV79","Eukaryota","Chordata","Actinopteri","Clupeiformes","Clupeidae","Clupea","Clupea harengus","Eukaryota","Clupea harengus","Clupea harengus","Clupea harengus 12"
"ASV80","Eukaryota","Chordata","Actinopteri","Pleuronectiformes","Scophthalmidae","Zeugopterus","Zeugopterus punctatus","Eukaryota","Zeugopterus punctatus","Zeugopterus punctatus","Zeugopterus punctatus 2"
"ASV81","Eukaryota","Chordata","Actinopteri","Gobiiformes","Gobiidae","Gobiidae","Gobiidae","Eukaryota",NA,"Gobiidae","Gobiidae 1"
"ASV82","Eukaryota","Chordata","Aves","Passeriformes","Turdidae","Turdus","Turdus abyssinicus","Eukaryota","Turdus abyssinicus","Turdus abyssinicus","Turdus abyssinicus 1"
"ASV83","Eukaryota","Chordata","Actinopteri","Blenniiformes","Blenniidae","Lipophrys","Lipophrys pholis","Eukaryota","Lipophrys pholis","Lipophrys pholis","Lipophrys pholis 1"
"ASV84","Eukaryota","Chordata","Actinopteri","Labriformes","Labridae","Labrus","Labrus mixtus","Eukaryota","Labrus mixtus","Labrus mixtus","Labrus mixtus 3"
"ASV85","Eukaryota","Chordata","Actinopteri","Scombriformes","Scombridae","Scomber","Scomber scombrus","Eukaryota","Scomber scombrus","Scomber scombrus","Scomber scombrus 3"
"ASV86","Eukaryota","Chordata","Mammalia","Primates","Hominidae","Homo","Homo sapiens","Eukaryota","Homo sapiens","Homo sapiens","Homo sapiens 2"
"ASV87","Eukaryota","Chordata","Actinopteri","Actinopteri","Actinopteri","Actinopteri","Actinopteri","Eukaryota",NA,"Actinopteri","Actinopteri 1"
"ASV88","Eukaryota","Chordata","Actinopteri","Clupeiformes","Clupeidae","Clupea","Clupea harengus","Eukaryota","Clupea harengus","Clupea harengus","Clupea harengus 13"
"ASV89","Eukaryota","Chordata","Actinopteri","Pleuronectiformes","Scophthalmidae","Lepidorhombus","Lepidorhombus whiffiagonis","Eukaryota","Lepidorhombus whiffiagonis","Lepidorhombus whiffiagonis","Lepidorhombus whiffiagonis"
"ASV90","Eukaryota","Chordata","Actinopteri","Gadiformes","Lotidae","Molva","Molva molva","Eukaryota","Molva molva","Molva molva","Molva molva 3"
"ASV91","Eukaryota","Chordata","Actinopteri","Clupeiformes","Clupeidae","Clupea","Clupea pallasii","Eukaryota","Clupea pallasii","Clupea pallasii","Clupea pallasii 3"
"ASV92","Eukaryota","Chordata","Actinopteri","Cypriniformes","Leuciscidae","Phoxinus","Phoxinus","Eukaryota",NA,"Phoxinus","Phoxinus 8"
"ASV93","Eukaryota","Chordata","Actinopteri","Gadiformes","Gadidae","Pollachius","Pollachius virens","Eukaryota","Pollachius virens","Pollachius virens","Pollachius virens 4"
"ASV94","Eukaryota","Chordata","Actinopteri","Clupeiformes","Clupeidae","Clupea","Clupea harengus","Eukaryota","Clupea harengus","Clupea harengus","Clupea harengus 14"
"ASV95","Eukaryota","Chordata","Actinopteri","Gobiiformes","Gobiidae","Gobiusculus","Gobiusculus flavescens","Eukaryota","Gobiusculus flavescens","Gobiusculus flavescens","Gobiusculus flavescens 2"
"ASV96","Eukaryota","Chordata","Actinopteri","Perciformes","Gasterosteidae","Gasterosteus","Gasterosteus aculeatus","Eukaryota","Gasterosteus aculeatus","Gasterosteus aculeatus","Gasterosteus aculeatus 2"
"ASV97","Eukaryota","Chordata","Actinopteri","Pleuronectiformes","Scophthalmidae","Zeugopterus","Zeugopterus norvegicus","Eukaryota","Zeugopterus norvegicus","Zeugopterus norvegicus","Zeugopterus norvegicus 2"
"ASV98","Eukaryota","Chordata","Actinopteri","Gadiformes","Gadidae","Gadidae","Gadidae","Eukaryota",NA,"Gadidae","Gadidae"
"ASV99","Eukaryota","Chordata","Actinopteri","Cypriniformes","Leuciscidae","Phoxinus","Phoxinus","Eukaryota",NA,"Phoxinus","Phoxinus 9"
"ASV100","Eukaryota","Chordata","Mammalia","Artiodactyla","Cervidae","Capreolus","Capreolus capreolus","Eukaryota","Capreolus capreolus","Capreolus capreolus","Capreolus capreolus"
"ASV101","Eukaryota","Chordata","Actinopteri","Perciformes","Cottidae","Micrenophrys","Micrenophrys lilljeborgii","Eukaryota","Micrenophrys lilljeborgii","Micrenophrys lilljeborgii","Micrenophrys lilljeborgii"
"ASV102","Eukaryota","Chordata","Actinopteri","Gadiformes","Gaidropsaridae","Enchelyopus","Enchelyopus cimbrius","Eukaryota","Enchelyopus cimbrius","Enchelyopus cimbrius","Enchelyopus cimbrius"
"ASV103","Eukaryota","Chordata","Actinopteri","Clupeiformes","Clupeidae","Clupea","Clupea","Eukaryota",NA,"Clupea","Clupea 3"
"ASV104","Eukaryota","Chordata","Actinopteri","Gadiformes","Gadidae","Melanogrammus","Melanogrammus aeglefinus","Eukaryota","Melanogrammus aeglefinus","Melanogrammus aeglefinus","Melanogrammus aeglefinus 1"
"ASV105","Eukaryota","Chordata","Aves","Passeriformes","Corvidae","Corvus","Corvus","Eukaryota",NA,"Corvus","Corvus"
"ASV106","Eukaryota","Chordata","Actinopteri","Gobiiformes","Gobiidae","Pomatoschistus","Pomatoschistus minutus","Eukaryota","Pomatoschistus minutus","Pomatoschistus minutus","Pomatoschistus minutus 1"
"ASV107","Eukaryota","Chordata","Actinopteri","Gadiformes","Lotidae","Molva","Molva dypterygia","Eukaryota","Molva dypterygia","Molva dypterygia","Molva dypterygia"
"ASV108","Eukaryota","Chordata","Actinopteri","Labriformes","Labridae","Ctenolabrus","Ctenolabrus rupestris","Eukaryota","Ctenolabrus rupestris","Ctenolabrus rupestris","Ctenolabrus rupestris 6"
"ASV109","Eukaryota","Chordata","Actinopteri","Gobiiformes","Gobiidae","Gobiidae","Gobiidae","Eukaryota",NA,"Gobiidae","Gobiidae 2"
"ASV110","Eukaryota","Chordata","Actinopteri","Perciformes","Gasterosteidae","Gasterosteus","Gasterosteus aculeatus","Eukaryota","Gasterosteus aculeatus","Gasterosteus aculeatus","Gasterosteus aculeatus 3"
"ASV111","Eukaryota","Chordata","Actinopteri","Perciformes","Pholidae","Pholis","Pholis crassispina","Eukaryota","Pholis crassispina","Pholis crassispina","Pholis crassispina 1"
"ASV112","Eukaryota","Chordata","Actinopteri","Perciformes","Pholidae","Pholis","Pholis","Eukaryota",NA,"Pholis","Pholis 1"
"ASV113","Eukaryota","Chordata","Actinopteri","Syngnathiformes","Callionymidae","Callionymus","Callionymus lyra","Eukaryota","Callionymus lyra","Callionymus lyra","Callionymus lyra"
"ASV114","Eukaryota","Chordata","Actinopteri","Anguilliformes","Anguillidae","Anguilla","Anguilla anguilla","Eukaryota","Anguilla anguilla","Anguilla anguilla","Anguilla anguilla 2"
"ASV115","Eukaryota","Chordata","Actinopteri","Perciformes","Stichaeidae","Stichaeidae","Stichaeidae","Eukaryota",NA,"Stichaeidae","Stichaeidae"
"ASV116","Eukaryota","Chordata","Mammalia","Primates","Hominidae","Homo","Homo sapiens","Eukaryota","Homo sapiens","Homo sapiens","Homo sapiens 3"
"ASV117","Eukaryota","Chordata","Actinopteri","Gobiiformes","Gobiidae","Pomatoschistus","Pomatoschistus microps","Eukaryota","Pomatoschistus microps","Pomatoschistus microps","Pomatoschistus microps 1"
"ASV118","Eukaryota","Chordata","Actinopteri","Clupeiformes","Clupeidae","Clupea","Clupea pallasii","Eukaryota","Clupea pallasii","Clupea pallasii","Clupea pallasii 4"
"ASV119","Eukaryota","Chordata","Actinopteri","Gadiformes","Phycidae","Phycis","Phycis blennoides","Eukaryota","Phycis blennoides","Phycis blennoides","Phycis blennoides"
"ASV120","Eukaryota","Chordata","Actinopteri","Cypriniformes","Leuciscidae","Phoxinus","Phoxinus","Eukaryota",NA,"Phoxinus","Phoxinus 10"
"ASV121","Eukaryota","Chordata","Actinopteri","Clupeiformes","Clupeidae","Clupea","Clupea harengus","Eukaryota","Clupea harengus","Clupea harengus","Clupea harengus 15"
"ASV122","Eukaryota","Chordata","Actinopteri","Clupeiformes","Clupeidae","Clupea","Clupea","Eukaryota",NA,"Clupea","Clupea 4"
"ASV123","Eukaryota","Chordata","Actinopteri","Labriformes","Labridae","Ctenolabrus","Ctenolabrus rupestris","Eukaryota","Ctenolabrus rupestris","Ctenolabrus rupestris","Ctenolabrus rupestris 7"
"ASV124","Eukaryota","Chordata","Actinopteri","Clupeiformes","Clupeidae","Clupea","Clupea harengus","Eukaryota","Clupea harengus","Clupea harengus","Clupea harengus 16"
"ASV125","Eukaryota","Chordata","Actinopteri","Pleuronectiformes","Scophthalmidae","Scophthalmus","Scophthalmus maximus","Eukaryota","Scophthalmus maximus","Scophthalmus maximus","Scophthalmus maximus"
"ASV126","Eukaryota","Chordata","Actinopteri","Gadiformes","Lotidae","Molva","Molva molva","Eukaryota","Molva molva","Molva molva","Molva molva 4"
"ASV127","Eukaryota","Chordata","Actinopteri","Clupeiformes","Clupeidae","Clupea","Clupea harengus","Eukaryota","Clupea harengus","Clupea harengus","Clupea harengus 17"
"ASV128","Eukaryota","Chordata","Actinopteri","Clupeiformes","Clupeidae","Clupea","Clupea harengus","Eukaryota","Clupea harengus","Clupea harengus","Clupea harengus 18"
"ASV129","Eukaryota","Chordata","Actinopteri","Cypriniformes","Leuciscidae","Phoxinus","Phoxinus","Eukaryota",NA,"Phoxinus","Phoxinus 11"
"ASV130","Eukaryota","Chordata","Actinopteri","Clupeiformes","Clupeidae","Clupea","Clupea pallasii","Eukaryota","Clupea pallasii","Clupea pallasii","Clupea pallasii 5"
"ASV131","Eukaryota","Chordata","Mammalia","Artiodactyla","Phocoenidae","Phocoena","Phocoena phocoena","Eukaryota","Phocoena phocoena","Phocoena phocoena","Phocoena phocoena"
"ASV132","Eukaryota","Chordata","Actinopteri","Gobiiformes","Gobiidae","Pomatoschistus","Pomatoschistus pictus","Eukaryota","Pomatoschistus pictus","Pomatoschistus pictus","Pomatoschistus pictus 2"
"ASV133","Eukaryota","Chordata","Actinopteri","Perciformes","Gasterosteidae","Gasterosteus","Gasterosteus aculeatus","Eukaryota","Gasterosteus aculeatus","Gasterosteus aculeatus","Gasterosteus aculeatus 4"
"ASV134","Eukaryota","Chordata","Actinopteri","Perciformes","Cyclopteridae","Cyclopterus","Cyclopterus lumpus","Eukaryota","Cyclopterus lumpus","Cyclopterus lumpus","Cyclopterus lumpus"
"ASV135","Eukaryota","Chordata","Actinopteri","Salmoniformes","Salmonidae","Salvelinus","Salvelinus curilus","Eukaryota","Salvelinus curilus","Salvelinus curilus","Salvelinus curilus 2"
"ASV136","Eukaryota","Chordata","Mammalia","Artiodactyla","Cervidae","Alces","Alces alces","Eukaryota","Alces alces","Alces alces","Alces alces"
"ASV137","Eukaryota","Chordata","Actinopteri","Clupeiformes","Clupeidae","Clupea","Clupea harengus","Eukaryota","Clupea harengus","Clupea harengus","Clupea harengus 19"
"ASV138","Eukaryota","Chordata","Actinopteri","Clupeiformes","Clupeidae","Clupea","Clupea harengus","Eukaryota","Clupea harengus","Clupea harengus","Clupea harengus 20"
"ASV139","Eukaryota","Chordata","Actinopteri","Pleuronectiformes","Pleuronectidae","Platichthys","Platichthys stellatus","Eukaryota","Platichthys stellatus","Platichthys stellatus","Platichthys stellatus 2"
"ASV140","Eukaryota","Chordata","Mammalia","Carnivora","Canidae","Canis","Canis lupus","Eukaryota","Canis lupus","Canis lupus","Canis lupus 1"
"ASV141","Eukaryota","Chordata","Actinopteri","Labriformes","Labridae","Ctenolabrus","Ctenolabrus rupestris","Eukaryota","Ctenolabrus rupestris","Ctenolabrus rupestris","Ctenolabrus rupestris 8"
"ASV142","Eukaryota","Chordata","Actinopteri","Perciformes","Pholidae","Pholis","Pholis gunnellus","Eukaryota","Pholis gunnellus","Pholis gunnellus","Pholis gunnellus 2"
"ASV143","Eukaryota","Chordata","Aves","Charadriiformes","Laridae","Larus","Larus","Eukaryota",NA,"Larus","Larus"
"ASV144","Eukaryota","Chordata","Actinopteri","Pleuronectiformes","Pleuronectidae","Pleuronectidae","Pleuronectidae","Eukaryota",NA,"Pleuronectidae","Pleuronectidae 2"
"ASV145","Eukaryota","Chordata","Actinopteri","Uranoscopiformes","Ammodytidae","Ammodytes","Ammodytes personatus","Eukaryota","Ammodytes personatus","Ammodytes personatus","Ammodytes personatus"
"ASV146","Eukaryota","Chordata","Actinopteri","Syngnathiformes","Callionymidae","Callionymus","Callionymus maculatus","Eukaryota","Callionymus maculatus","Callionymus maculatus","Callionymus maculatus"
"ASV147","Eukaryota","Chordata","Actinopteri","Perciformes","Pholidae","Pholis","Pholis","Eukaryota",NA,"Pholis","Pholis 2"
"ASV148","Eukaryota","Chordata","Mammalia","Primates","Hominidae","Homo","Homo sapiens","Eukaryota","Homo sapiens","Homo sapiens","Homo sapiens 4"
"ASV149","Eukaryota","Chordata","Actinopteri","Clupeiformes","Clupeidae","Clupea","Clupea harengus","Eukaryota","Clupea harengus","Clupea harengus","Clupea harengus 21"
"ASV150","Eukaryota","Chordata","Actinopteri","Salmoniformes","Salmonidae","Salmo","Salmo salar","Eukaryota","Salmo salar","Salmo salar","Salmo salar 2"
"ASV151","Eukaryota","Chordata","Actinopteri","Clupeiformes","Clupeidae","Clupea","Clupea harengus","Eukaryota","Clupea harengus","Clupea harengus","Clupea harengus 22"
"ASV152","Eukaryota","Chordata","Actinopteri","Pleuronectiformes","Pleuronectidae","Platichthys","Platichthys stellatus","Eukaryota","Platichthys stellatus","Platichthys stellatus","Platichthys stellatus 3"
"ASV153","Eukaryota","Chordata","Actinopteri","Esociformes","Esocidae","Esox","Esox lucius","Eukaryota","Esox lucius","Esox lucius","Esox lucius"
"ASV154","Eukaryota","Chordata","Actinopteri","Cypriniformes","Leuciscidae","Phoxinus","Phoxinus","Eukaryota",NA,"Phoxinus","Phoxinus 12"
"ASV155","Eukaryota","Chordata","Actinopteri","Gadiformes","Lotidae","Molva","Molva molva","Eukaryota","Molva molva","Molva molva","Molva molva 5"
"ASV156","Eukaryota","Chordata","Actinopteri","Labriformes","Labridae","Ctenolabrus","Ctenolabrus rupestris","Eukaryota","Ctenolabrus rupestris","Ctenolabrus rupestris","Ctenolabrus rupestris 9"
"ASV157","Eukaryota","Chordata","Actinopteri","Gobiiformes","Gobiidae","Gobiusculus","Gobiusculus flavescens","Eukaryota","Gobiusculus flavescens","Gobiusculus flavescens","Gobiusculus flavescens 3"
"ASV158","Eukaryota","Chordata","Chondrichthyes","Chimaeriformes","Chimaeridae","Chimaera","Chimaera monstrosa","Eukaryota","Chimaera monstrosa","Chimaera monstrosa","Chimaera monstrosa"
"ASV159","Eukaryota","Chordata","Actinopteri","Clupeiformes","Clupeidae","Clupea","Clupea harengus","Eukaryota","Clupea harengus","Clupea harengus","Clupea harengus 23"
"ASV160","Eukaryota","Chordata","Actinopteri","Syngnathiformes","Callionymidae","Callionymus","Callionymus reticulatus","Eukaryota","Callionymus reticulatus","Callionymus reticulatus","Callionymus reticulatus 1"
"ASV161","Eukaryota","Chordata","Mammalia","Artiodactyla","Suidae","Sus","Sus scrofa","Eukaryota","Sus scrofa","Sus scrofa","Sus scrofa 1"
"ASV162","Eukaryota","Chordata","Actinopteri","Gadiformes","Gadidae","Raniceps","Raniceps raninus","Eukaryota","Raniceps raninus","Raniceps raninus","Raniceps raninus 2"
"ASV163","Eukaryota","Chordata","Mammalia","Rodentia","Cricetidae","Microtus","Microtus agrestis","Eukaryota","Microtus agrestis","Microtus agrestis","Microtus agrestis"
"ASV164","Eukaryota","Chordata","Actinopteri","Salmoniformes","Salmonidae","Salvelinus","Salvelinus curilus","Eukaryota","Salvelinus curilus","Salvelinus curilus","Salvelinus curilus 3"
"ASV165","Eukaryota","Chordata","Actinopteri","Gobiiformes","Gobiidae","Pomatoschistus","Pomatoschistus pictus","Eukaryota","Pomatoschistus pictus","Pomatoschistus pictus","Pomatoschistus pictus 3"
"ASV166","Eukaryota","Chordata","Actinopteri","Gobiiformes","Gobiidae","Gobius","Gobius niger","Eukaryota","Gobius niger","Gobius niger","Gobius niger"
"ASV167","Eukaryota","Chordata","Actinopteri","Clupeiformes","Clupeidae","Clupea","Clupea pallasii","Eukaryota","Clupea pallasii","Clupea pallasii","Clupea pallasii 6"
"ASV168","Eukaryota","Chordata","Actinopteri","Clupeiformes","Clupeidae","Clupea","Clupea pallasii","Eukaryota","Clupea pallasii","Clupea pallasii","Clupea pallasii 7"
"ASV169","Eukaryota","Chordata","Actinopteri","Gadiformes","Lotidae","Brosme","Brosme brosme","Eukaryota","Brosme brosme","Brosme brosme","Brosme brosme 3"
"ASV170","Eukaryota","Chordata","Mammalia","Primates","Hominidae","Homo","Homo sapiens","Eukaryota","Homo sapiens","Homo sapiens","Homo sapiens 5"
"ASV171","Eukaryota","Chordata","Actinopteri","Syngnathiformes","Callionymidae","Callionymus","Callionymus reticulatus","Eukaryota","Callionymus reticulatus","Callionymus reticulatus","Callionymus reticulatus 2"
"ASV172","Eukaryota","Chordata","Actinopteri","Gobiiformes","Gobiidae","Pomatoschistus","Pomatoschistus minutus","Eukaryota","Pomatoschistus minutus","Pomatoschistus minutus","Pomatoschistus minutus 2"
"ASV173","Eukaryota","Chordata","Actinopteri","Cypriniformes","Leuciscidae","Phoxinus","Phoxinus","Eukaryota",NA,"Phoxinus","Phoxinus 13"
"ASV174","Eukaryota","Chordata","Actinopteri","Clupeiformes","Clupeidae","Clupea","Clupea pallasii","Eukaryota","Clupea pallasii","Clupea pallasii","Clupea pallasii 8"
"ASV175","Eukaryota","Chordata","Actinopteri","Gobiiformes","Gobiidae","Crystallogobius","Crystallogobius linearis","Eukaryota","Crystallogobius linearis","Crystallogobius linearis","Crystallogobius linearis 1"
"ASV176","Eukaryota","Chordata","Actinopteri","Labriformes","Labridae","Ctenolabrus","Ctenolabrus rupestris","Eukaryota","Ctenolabrus rupestris","Ctenolabrus rupestris","Ctenolabrus rupestris 10"
"ASV177","Eukaryota","Chordata","Actinopteri","Pleuronectiformes","Scophthalmidae","Zeugopterus","Zeugopterus punctatus","Eukaryota","Zeugopterus punctatus","Zeugopterus punctatus","Zeugopterus punctatus 3"
"ASV178","Eukaryota","Chordata","Actinopteri","Pleuronectiformes","Pleuronectidae","Glyptocephalus","Glyptocephalus zachirus","Eukaryota","Glyptocephalus zachirus","Glyptocephalus zachirus","Glyptocephalus zachirus 2"
"ASV179","Eukaryota","Chordata","Actinopteri","Gobiiformes","Gobiidae","Gobiusculus","Gobiusculus flavescens","Eukaryota","Gobiusculus flavescens","Gobiusculus flavescens","Gobiusculus flavescens 4"
"ASV180","Eukaryota","Chordata","Actinopteri","Pleuronectiformes","Pleuronectidae","Pleuronectidae","Pleuronectidae","Eukaryota",NA,"Pleuronectidae","Pleuronectidae 3"
"ASV181","Eukaryota","Chordata","Mammalia","Primates","Hominidae","Homo","Homo sapiens","Eukaryota","Homo sapiens","Homo sapiens","Homo sapiens 6"
"ASV182","Eukaryota","Chordata","Actinopteri","Salmoniformes","Salmonidae","Salvelinus","Salvelinus curilus","Eukaryota","Salvelinus curilus","Salvelinus curilus","Salvelinus curilus 4"
"ASV183","Eukaryota","Chordata","Aves","Anseriformes","Anatidae","Bucephala","Bucephala islandica","Eukaryota","Bucephala islandica","Bucephala islandica","Bucephala islandica"
"ASV184","Eukaryota","Chordata","Actinopteri","Labriformes","Labridae","Ctenolabrus","Ctenolabrus rupestris","Eukaryota","Ctenolabrus rupestris","Ctenolabrus rupestris","Ctenolabrus rupestris 11"
"ASV185","Eukaryota","Chordata","Actinopteri","Gobiiformes","Gobiidae","Gobiusculus","Gobiusculus flavescens","Eukaryota","Gobiusculus flavescens","Gobiusculus flavescens","Gobiusculus flavescens 5"
"ASV186","Eukaryota","Chordata","Actinopteri","Salmoniformes","Salmonidae","Salvelinus","Salvelinus curilus","Eukaryota","Salvelinus curilus","Salvelinus curilus","Salvelinus curilus 5"
"ASV187","Eukaryota","Chordata","Actinopteri","Cypriniformes","Leuciscidae","Phoxinus","Phoxinus","Eukaryota",NA,"Phoxinus","Phoxinus 14"
"ASV188","Eukaryota","Chordata","Actinopteri","Clupeiformes","Clupeidae","Clupea","Clupea pallasii","Eukaryota","Clupea pallasii","Clupea pallasii","Clupea pallasii 9"
"ASV189","Eukaryota","Chordata","Actinopteri","Labriformes","Labridae","Symphodus","Symphodus melops","Eukaryota","Symphodus melops","Symphodus melops","Symphodus melops 2"
"ASV190","Eukaryota","Chordata","Chondrichthyes","Squaliformes","Etmopteridae","Etmopterus","Etmopterus spinax","Eukaryota","Etmopterus spinax","Etmopterus spinax","Etmopterus spinax"
"ASV191","Eukaryota","Chordata","Actinopteri","Cypriniformes","Leuciscidae","Phoxinus","Phoxinus","Eukaryota",NA,"Phoxinus","Phoxinus 15"
"ASV192","Eukaryota","Chordata","Aves","Passeriformes","Corvidae","Corvus","Corvus dauuricus","Eukaryota","Corvus dauuricus","Corvus dauuricus","Corvus dauuricus"
"ASV193","Eukaryota","Chordata","Actinopteri","Gobiiformes","Gobiidae","Crystallogobius","Crystallogobius linearis","Eukaryota","Crystallogobius linearis","Crystallogobius linearis","Crystallogobius linearis 2"
"ASV194","Eukaryota","Chordata","Actinopteri","Pleuronectiformes","Scophthalmidae","Zeugopterus","Zeugopterus norvegicus","Eukaryota","Zeugopterus norvegicus","Zeugopterus norvegicus","Zeugopterus norvegicus 3"
"ASV195","Eukaryota","Chordata","Actinopteri","Cypriniformes","Leuciscidae","Phoxinus","Phoxinus","Eukaryota",NA,"Phoxinus","Phoxinus 16"
"ASV196","Eukaryota","Chordata","Actinopteri","Perciformes","Pholidae","Pholis","Pholis crassispina","Eukaryota","Pholis crassispina","Pholis crassispina","Pholis crassispina 2"
"ASV197","Eukaryota","Chordata","Actinopteri","Gadiformes","Gadidae","Pollachius","Pollachius virens","Eukaryota","Pollachius virens","Pollachius virens","Pollachius virens 5"
"ASV198","Eukaryota","Chordata","Actinopteri","Cypriniformes","Leuciscidae","Phoxinus","Phoxinus","Eukaryota",NA,"Phoxinus","Phoxinus 17"
"ASV199","Eukaryota","Chordata","Actinopteri","Clupeiformes","Clupeidae","Clupea","Clupea harengus","Eukaryota","Clupea harengus","Clupea harengus","Clupea harengus 24"
"ASV200","Eukaryota","Chordata","Actinopteri","Labriformes","Labridae","Acantholabrus","Acantholabrus palloni","Eukaryota","Acantholabrus palloni","Acantholabrus palloni","Acantholabrus palloni 1"
"ASV201","Eukaryota","Chordata","Mammalia","Artiodactyla","Suidae","Sus","Sus scrofa","Eukaryota","Sus scrofa","Sus scrofa","Sus scrofa 2"
"ASV202","Eukaryota","Chordata","Actinopteri","Clupeiformes","Clupeidae","Clupea","Clupea pallasii","Eukaryota","Clupea pallasii","Clupea pallasii","Clupea pallasii 10"
"ASV203","Eukaryota","Chordata","Actinopteri","Scombriformes","Scombridae","Scomber","Scomber scombrus","Eukaryota","Scomber scombrus","Scomber scombrus","Scomber scombrus 4"
"ASV204","Eukaryota","Chordata","Actinopteri","Clupeiformes","Clupeidae","Clupea","Clupea","Eukaryota",NA,"Clupea","Clupea 5"
"ASV205","Eukaryota","Chordata","Actinopteri","Clupeiformes","Clupeidae","Clupea","Clupea harengus","Eukaryota","Clupea harengus","Clupea harengus","Clupea harengus 25"
"ASV206","Eukaryota","Chordata","Actinopteri","Labriformes","Labridae","Acantholabrus","Acantholabrus palloni","Eukaryota","Acantholabrus palloni","Acantholabrus palloni","Acantholabrus palloni 2"
"ASV207","Eukaryota","Chordata","Mammalia","Artiodactyla","Bovidae","Ovis","Ovis orientalis","Eukaryota","Ovis orientalis","Ovis orientalis","Ovis orientalis"
"ASV208","Eukaryota","Chordata","Actinopteri","Clupeiformes","Clupeidae","Clupea","Clupea harengus","Eukaryota","Clupea harengus","Clupea harengus","Clupea harengus 26"
"ASV209","Eukaryota","Chordata","Actinopteri","Clupeiformes","Clupeidae","Clupea","Clupea pallasii","Eukaryota","Clupea pallasii","Clupea pallasii","Clupea pallasii 11"
"ASV210","Eukaryota","Chordata","Actinopteri","Perciformes","Cottidae","Myoxocephalus","Myoxocephalus quadricornis","Eukaryota","Myoxocephalus quadricornis","Myoxocephalus quadricornis","Myoxocephalus quadricornis 4"
"ASV211","Eukaryota","Chordata","Actinopteri","Clupeiformes","Clupeidae","Clupea","Clupea harengus","Eukaryota","Clupea harengus","Clupea harengus","Clupea harengus 27"
"ASV212","Eukaryota","Chordata","Actinopteri","Labriformes","Labridae","Ctenolabrus","Ctenolabrus rupestris","Eukaryota","Ctenolabrus rupestris","Ctenolabrus rupestris","Ctenolabrus rupestris 12"
"ASV213","Eukaryota","Chordata","Aves","Charadriiformes","Alcidae","Cepphus","Cepphus grylle","Eukaryota","Cepphus grylle","Cepphus grylle","Cepphus grylle"
"ASV214","Eukaryota","Chordata","Actinopteri","Clupeiformes","Clupeidae","Clupea","Clupea harengus","Eukaryota","Clupea harengus","Clupea harengus","Clupea harengus 28"
"ASV215","Eukaryota","Chordata","Mammalia","Mammalia","Mammalia","Mammalia","Mammalia","Eukaryota",NA,"Mammalia","Mammalia 1"
"ASV216","Eukaryota","Chordata","Actinopteri","Clupeiformes","Clupeidae","Clupea","Clupea harengus","Eukaryota","Clupea harengus","Clupea harengus","Clupea harengus 29"
"ASV217","Eukaryota","Chordata","Actinopteri","Gadiformes","Gadidae","Pollachius","Pollachius virens","Eukaryota","Pollachius virens","Pollachius virens","Pollachius virens 6"
"ASV218","Eukaryota","Chordata","Aves","Passeriformes","Motacillidae","Anthus","Anthus hodgsoni","Eukaryota","Anthus hodgsoni","Anthus hodgsoni","Anthus hodgsoni"
"ASV219","Eukaryota","Chordata","Actinopteri","Pleuronectiformes","Pleuronectidae","Platichthys","Platichthys stellatus","Eukaryota","Platichthys stellatus","Platichthys stellatus","Platichthys stellatus 4"
"ASV220","Eukaryota","Chordata","Mammalia","Rodentia","Castoridae","Castor","Castor fiber","Eukaryota","Castor fiber","Castor fiber","Castor fiber"
"ASV221","Eukaryota","Chordata","Actinopteri","Labriformes","Labridae","Labrus","Labrus bergylta","Eukaryota","Labrus bergylta","Labrus bergylta","Labrus bergylta 2"
"ASV222","Eukaryota","Chordata","Actinopteri","Perciformes","Gasterosteidae","Gasterosteus","Gasterosteus aculeatus","Eukaryota","Gasterosteus aculeatus","Gasterosteus aculeatus","Gasterosteus aculeatus 5"
"ASV223","Eukaryota","Chordata","Actinopteri","Gadiformes","Gadidae","Melanogrammus","Melanogrammus aeglefinus","Eukaryota","Melanogrammus aeglefinus","Melanogrammus aeglefinus","Melanogrammus aeglefinus 2"
"ASV224","Eukaryota","Chordata","Actinopteri","Perciformes","Gasterosteidae","Gasterosteus","Gasterosteus aculeatus","Eukaryota","Gasterosteus aculeatus","Gasterosteus aculeatus","Gasterosteus aculeatus 6"
"ASV225","Eukaryota","Chordata","Actinopteri","Gadiformes","Gadidae","Pollachius","Pollachius virens","Eukaryota","Pollachius virens","Pollachius virens","Pollachius virens 7"
"ASV226","Eukaryota","Chordata","Actinopteri","Clupeiformes","Clupeidae","Clupea","Clupea pallasii","Eukaryota","Clupea pallasii","Clupea pallasii","Clupea pallasii 12"
"ASV227","Eukaryota","Chordata","Actinopteri","Salmoniformes","Salmonidae","Salmo","Salmo","Eukaryota",NA,"Salmo","Salmo 1"
"ASV228","Eukaryota","Chordata","Actinopteri","Gadiformes","Gadidae","Gadus","Gadus morhua","Eukaryota","Gadus morhua","Gadus morhua","Gadus morhua 2"
"ASV230","Eukaryota","Chordata","Actinopteri","Cypriniformes","Leuciscidae","Phoxinus","Phoxinus","Eukaryota",NA,"Phoxinus","Phoxinus 18"
"ASV231","Eukaryota","Chordata","Actinopteri","Gadiformes","Lotidae","Brosme","Brosme brosme","Eukaryota","Brosme brosme","Brosme brosme","Brosme brosme 4"
"ASV232","Eukaryota","Chordata","Actinopteri","Labriformes","Labridae","Centrolabrus","Centrolabrus exoletus","Eukaryota","Centrolabrus exoletus","Centrolabrus exoletus","Centrolabrus exoletus 2"
"ASV233","Eukaryota","Chordata","Mammalia","Artiodactyla","Artiodactyla","Artiodactyla","Artiodactyla","Eukaryota",NA,"Artiodactyla","Artiodactyla"
"ASV234","Eukaryota","Chordata","Aves","Passeriformes","Corvidae","Pica","Pica pica","Eukaryota","Pica pica","Pica pica","Pica pica"
"ASV235","Eukaryota","Chordata","Actinopteri","Gadiformes","Lotidae","Brosme","Brosme brosme","Eukaryota","Brosme brosme","Brosme brosme","Brosme brosme 5"
"ASV237","Eukaryota","Chordata","Actinopteri","Salmoniformes","Salmonidae","Salmo","Salmo macrostigma","Eukaryota","Salmo macrostigma","Salmo macrostigma","Salmo macrostigma 2"
"ASV238","Eukaryota","Chordata","Chordata","Chordata","Chordata","Chordata","Chordata","Eukaryota",NA,"Chordata","Chordata"
"ASV240","Eukaryota","Chordata","Actinopteri","Clupeiformes","Clupeidae","Clupea","Clupea","Eukaryota",NA,"Clupea","Clupea 6"
"ASV241","Eukaryota","Chordata","Actinopteri","Gadiformes","Gadidae","Pollachius","Pollachius virens","Eukaryota","Pollachius virens","Pollachius virens","Pollachius virens 8"
"ASV242","Eukaryota","Chordata","Actinopteri","Gobiiformes","Gobiidae","Gobiusculus","Gobiusculus flavescens","Eukaryota","Gobiusculus flavescens","Gobiusculus flavescens","Gobiusculus flavescens 6"
"ASV243","Eukaryota","Chordata","Actinopteri","Labriformes","Labridae","Ctenolabrus","Ctenolabrus rupestris","Eukaryota","Ctenolabrus rupestris","Ctenolabrus rupestris","Ctenolabrus rupestris 13"
"ASV244","Eukaryota","Chordata","Actinopteri","Blenniiformes","Blenniidae","Lipophrys","Lipophrys pholis","Eukaryota","Lipophrys pholis","Lipophrys pholis","Lipophrys pholis 2"
"ASV245","Eukaryota","Chordata","Actinopteri","Gobiiformes","Gobiidae","Crystallogobius","Crystallogobius linearis","Eukaryota","Crystallogobius linearis","Crystallogobius linearis","Crystallogobius linearis 3"
"ASV246","Eukaryota","Chordata","Aves","Passeriformes","Hirundinidae","Delichon","Delichon urbicum","Eukaryota","Delichon urbicum","Delichon urbicum","Delichon urbicum"
"ASV247","Eukaryota","Chordata","Actinopteri","Cypriniformes","Leuciscidae","Phoxinus","Phoxinus phoxinus","Eukaryota","Phoxinus phoxinus","Phoxinus phoxinus","Phoxinus phoxinus"
"ASV248","Eukaryota","Chordata","Actinopteri","Perciformes","Perciformes","Perciformes","Perciformes","Eukaryota",NA,"Perciformes","Perciformes"
"ASV249","Eukaryota","Chordata","Actinopteri","Perciformes","Gasterosteidae","Gasterosteus","Gasterosteus","Eukaryota",NA,"Gasterosteus","Gasterosteus 1"
"ASV250","Eukaryota","Chordata","Actinopteri","Perciformes","Gasterosteidae","Spinachia","Spinachia spinachia","Eukaryota","Spinachia spinachia","Spinachia spinachia","Spinachia spinachia"
"ASV251","Eukaryota","Chordata","Aves","Passeriformes","Paridae","Parus","Parus major","Eukaryota","Parus major","Parus major","Parus major"
"ASV252","Eukaryota","Chordata","Actinopteri","Gadiformes","Merlucciidae","Merluccius","Merluccius merluccius","Eukaryota","Merluccius merluccius","Merluccius merluccius","Merluccius merluccius 2"
"ASV253","Eukaryota","Chordata","Actinopteri","Clupeiformes","Clupeidae","Clupea","Clupea pallasii","Eukaryota","Clupea pallasii","Clupea pallasii","Clupea pallasii 13"
"ASV254","Eukaryota","Chordata","Actinopteri","Gobiiformes","Gobiidae","Gobiusculus","Gobiusculus flavescens","Eukaryota","Gobiusculus flavescens","Gobiusculus flavescens","Gobiusculus flavescens 7"
"ASV256","Eukaryota","Chordata","Aves","Charadriiformes","Laridae","Larus","Larus brachyrhynchus","Eukaryota","Larus brachyrhynchus","Larus brachyrhynchus","Larus brachyrhynchus"
"ASV257","Eukaryota","Chordata","Actinopteri","Pleuronectiformes","Pleuronectidae","Platichthys","Platichthys stellatus","Eukaryota","Platichthys stellatus","Platichthys stellatus","Platichthys stellatus 5"
"ASV258","Eukaryota","Chordata","Actinopteri","Clupeiformes","Clupeidae","Clupea","Clupea pallasii","Eukaryota","Clupea pallasii","Clupea pallasii","Clupea pallasii 14"
"ASV259","Eukaryota","Chordata","Actinopteri","Gadiformes","Lotidae","Molva","Molva molva","Eukaryota","Molva molva","Molva molva","Molva molva 6"
"ASV260","Eukaryota","Chordata","Actinopteri","Perciformes","Cottidae","Myoxocephalus","Myoxocephalus quadricornis","Eukaryota","Myoxocephalus quadricornis","Myoxocephalus quadricornis","Myoxocephalus quadricornis 5"
"ASV261","Eukaryota","Chordata","Actinopteri","Gobiiformes","Gobiidae","Pomatoschistus","Pomatoschistus microps","Eukaryota","Pomatoschistus microps","Pomatoschistus microps","Pomatoschistus microps 2"
"ASV262","Eukaryota","Chordata","Actinopteri","Salmoniformes","Salmonidae","Salmo","Salmo","Eukaryota",NA,"Salmo","Salmo 2"
"ASV263","Eukaryota","Chordata","Actinopteri","Scombriformes","Scombridae","Scomber","Scomber scombrus","Eukaryota","Scomber scombrus","Scomber scombrus","Scomber scombrus 5"
"ASV264","Eukaryota","Chordata","Aves","Passeriformes","Turdidae","Turdus","Turdus abyssinicus","Eukaryota","Turdus abyssinicus","Turdus abyssinicus","Turdus abyssinicus 2"
"ASV265","Eukaryota","Chordata","Actinopteri","Gadiformes","Gadidae","Pollachius","Pollachius virens","Eukaryota","Pollachius virens","Pollachius virens","Pollachius virens 9"
"ASV266","Eukaryota","Chordata","Aves","Passeriformes","Turdidae","Turdus","Turdus abyssinicus","Eukaryota","Turdus abyssinicus","Turdus abyssinicus","Turdus abyssinicus 3"
"ASV268","Eukaryota","Chordata","Actinopteri","Gadiformes","Gadidae","Gadus","Gadus morhua","Eukaryota","Gadus morhua","Gadus morhua","Gadus morhua 3"
"ASV269","Eukaryota","Chordata","Aves","Passeriformes","Hirundinidae","Hirundo","Hirundo rustica","Eukaryota","Hirundo rustica","Hirundo rustica","Hirundo rustica"
"ASV270","Eukaryota","Chordata","Actinopteri","Clupeiformes","Clupeidae","Clupea","Clupea pallasii","Eukaryota","Clupea pallasii","Clupea pallasii","Clupea pallasii 15"
"ASV271","Eukaryota","Chordata","Actinopteri","Gadiformes","Lotidae","Molva","Molva molva","Eukaryota","Molva molva","Molva molva","Molva molva 7"
"ASV272","Eukaryota","Chordata","Mammalia","Mammalia","Mammalia","Mammalia","Mammalia","Eukaryota",NA,"Mammalia","Mammalia 2"
"ASV273","Eukaryota","Chordata","Mammalia","Carnivora","Canidae","Canis","Canis lupus","Eukaryota","Canis lupus","Canis lupus","Canis lupus 2"
"ASV274","Eukaryota","Chordata","Actinopteri","Gadiformes","Gadidae","Pollachius","Pollachius virens","Eukaryota","Pollachius virens","Pollachius virens","Pollachius virens 10"
"ASV275","Eukaryota","Chordata","Actinopteri","Cypriniformes","Leuciscidae","Phoxinus","Phoxinus","Eukaryota",NA,"Phoxinus","Phoxinus 19"
"ASV276","Eukaryota","Chordata","Actinopteri","Perciformes","Liparidae","Liparis","Liparis montagui","Eukaryota","Liparis montagui","Liparis montagui","Liparis montagui 1"
"ASV277","Eukaryota","Chordata","Actinopteri","Cypriniformes","Leuciscidae","Phoxinus","Phoxinus","Eukaryota",NA,"Phoxinus","Phoxinus 20"
"ASV278","Eukaryota","Chordata","Actinopteri","Gadiformes","Gadidae","Pollachius","Pollachius virens","Eukaryota","Pollachius virens","Pollachius virens","Pollachius virens 11"
"ASV279","Eukaryota","Chordata","Actinopteri","Perciformes","Liparidae","Liparis","Liparis montagui","Eukaryota","Liparis montagui","Liparis montagui","Liparis montagui 2"
"ASV280","Eukaryota","Chordata","Actinopteri","Gobiiformes","Gobiidae","Gobiusculus","Gobiusculus flavescens","Eukaryota","Gobiusculus flavescens","Gobiusculus flavescens","Gobiusculus flavescens 8"
"ASV281","Eukaryota","Chordata","Mammalia","Carnivora","Mustelidae","Lutra","Lutra lutra","Eukaryota","Lutra lutra","Lutra lutra","Lutra lutra"
"ASV282","Eukaryota","Chordata","Actinopteri","Perciformes","Anarhichadidae","Anarhichas","Anarhichas lupus","Eukaryota","Anarhichas lupus","Anarhichas lupus","Anarhichas lupus"
"ASV283","Eukaryota","Chordata","Actinopteri","Labriformes","Labridae","Ctenolabrus","Ctenolabrus rupestris","Eukaryota","Ctenolabrus rupestris","Ctenolabrus rupestris","Ctenolabrus rupestris 14"
"ASV284","Eukaryota","Chordata","Actinopteri","Scombriformes","Scombridae","Scomber","Scomber scombrus","Eukaryota","Scomber scombrus","Scomber scombrus","Scomber scombrus 6"
"ASV286","Eukaryota","Chordata","Actinopteri","Gobiiformes","Gobiidae","Gobiusculus","Gobiusculus flavescens","Eukaryota","Gobiusculus flavescens","Gobiusculus flavescens","Gobiusculus flavescens 9"
"ASV287","Eukaryota","Chordata","Chondrichthyes","Carcharhiniformes","Scyliorhinidae","Galeus","Galeus melastomus","Eukaryota","Galeus melastomus","Galeus melastomus","Galeus melastomus"
"ASV289","Eukaryota","Chordata","Actinopteri","Gadiformes","Merlucciidae","Merluccius","Merluccius","Eukaryota",NA,"Merluccius","Merluccius 1"
"ASV290","Eukaryota","Chordata","Actinopteri","Cypriniformes","Leuciscidae","Phoxinus","Phoxinus","Eukaryota",NA,"Phoxinus","Phoxinus 21"
"ASV291","Eukaryota","Chordata","Actinopteri","Gadiformes","Lotidae","Lota","Lota lota","Eukaryota","Lota lota","Lota lota","Lota lota 2"
"ASV292","Eukaryota","Chordata","Actinopteri","Cypriniformes","Leuciscidae","Phoxinus","Phoxinus","Eukaryota",NA,"Phoxinus","Phoxinus 22"
"ASV293","Eukaryota","Chordata","Actinopteri","Clupeiformes","Clupeidae","Clupea","Clupea","Eukaryota",NA,"Clupea","Clupea 7"
"ASV295","Eukaryota","Chordata","Actinopteri","Labriformes","Labridae","Ctenolabrus","Ctenolabrus rupestris","Eukaryota","Ctenolabrus rupestris","Ctenolabrus rupestris","Ctenolabrus rupestris 15"
"ASV296","Eukaryota","Chordata","Actinopteri","Labriformes","Labridae","Ctenolabrus","Ctenolabrus rupestris","Eukaryota","Ctenolabrus rupestris","Ctenolabrus rupestris","Ctenolabrus rupestris 16"
"ASV297","Eukaryota","Chordata","Aves","Galliformes","Phasianidae","Gallus","Gallus sonneratii","Eukaryota","Gallus sonneratii","Gallus sonneratii","Gallus sonneratii"
"ASV298","Eukaryota","Chordata","Actinopteri","Gadiformes","Gadidae","Pollachius","Pollachius virens","Eukaryota","Pollachius virens","Pollachius virens","Pollachius virens 12"
"ASV299","Eukaryota","Chordata","Actinopteri","Clupeiformes","Clupeidae","Clupea","Clupea harengus","Eukaryota","Clupea harengus","Clupea harengus","Clupea harengus 30"
"ASV300","Eukaryota","Chordata","Actinopteri","Pleuronectiformes","Pleuronectidae","Platichthys","Platichthys stellatus","Eukaryota","Platichthys stellatus","Platichthys stellatus","Platichthys stellatus 6"
"ASV301","Eukaryota","Chordata","Actinopteri","Gadiformes","Gadidae","Pollachius","Pollachius pollachius","Eukaryota","Pollachius pollachius","Pollachius pollachius","Pollachius pollachius"
"ASV302","Eukaryota","Chordata","Actinopteri","Gobiiformes","Gobiidae","Gobiusculus","Gobiusculus flavescens","Eukaryota","Gobiusculus flavescens","Gobiusculus flavescens","Gobiusculus flavescens 10"
"ASV303","Eukaryota","Chordata","Actinopteri","Salmoniformes","Salmonidae","Salmo","Salmo","Eukaryota",NA,"Salmo","Salmo 3"
"ASV305","Eukaryota","Chordata","Actinopteri","Gadiformes","Gadidae","Gadus","Gadus morhua","Eukaryota","Gadus morhua","Gadus morhua","Gadus morhua 4"
"ASV307","Eukaryota","Chordata","Actinopteri","Cypriniformes","Leuciscidae","Phoxinus","Phoxinus","Eukaryota",NA,"Phoxinus","Phoxinus 23"
"ASV308","Eukaryota","Chordata","Actinopteri","Cypriniformes","Leuciscidae","Phoxinus","Phoxinus","Eukaryota",NA,"Phoxinus","Phoxinus 24"
"ASV309","Eukaryota","Chordata","Mammalia","Mammalia","Mammalia","Mammalia","Mammalia","Eukaryota",NA,"Mammalia","Mammalia 3"
"ASV310","Eukaryota","Chordata","Actinopteri","Scombriformes","Scombridae","Scomber","Scomber scombrus","Eukaryota","Scomber scombrus","Scomber scombrus","Scomber scombrus 7"
"ASV311","Eukaryota","Chordata","Actinopteri","Perciformes","Zoarcidae","Zoarces","Zoarces viviparus","Eukaryota","Zoarces viviparus","Zoarces viviparus","Zoarces viviparus"
"ASV312","Eukaryota","Chordata","Actinopteri","Beloniformes","Belonidae","Belone","Belone belone","Eukaryota","Belone belone","Belone belone","Belone belone"
"ASV314","Eukaryota","Chordata","Aves","Passeriformes","Turdidae","Turdidae","Turdidae","Eukaryota",NA,"Turdidae","Turdidae"
"ASV315","Eukaryota","Chordata","Actinopteri","Perciformes","Gasterosteidae","Gasterosteus","Gasterosteus gymnurus","Eukaryota","Gasterosteus gymnurus","Gasterosteus gymnurus","Gasterosteus gymnurus 1"
"ASV316","Eukaryota","Chordata","Actinopteri","Actinopteri","Actinopteri","Actinopteri","Actinopteri","Eukaryota",NA,"Actinopteri","Actinopteri 2"
"ASV317","Eukaryota","Chordata","Mammalia","Primates","Primates","Primates","Primates","Eukaryota",NA,"Primates","Primates"
"ASV318","Eukaryota","Chordata","Actinopteri","Labriformes","Labridae","Ctenolabrus","Ctenolabrus rupestris","Eukaryota","Ctenolabrus rupestris","Ctenolabrus rupestris","Ctenolabrus rupestris 17"
"ASV319","Eukaryota","Chordata","Actinopteri","Clupeiformes","Clupeidae","Clupea","Clupea pallasii","Eukaryota","Clupea pallasii","Clupea pallasii","Clupea pallasii 16"
"ASV320","Eukaryota","Chordata","Actinopteri","Perciformes","Pholidae","Pholis","Pholis gunnellus","Eukaryota","Pholis gunnellus","Pholis gunnellus","Pholis gunnellus 3"
"ASV321","Eukaryota","Chordata","Actinopteri","Pleuronectiformes","Pleuronectidae","Pleuronectidae","Pleuronectidae","Eukaryota",NA,"Pleuronectidae","Pleuronectidae 4"
"ASV324","Eukaryota","Chordata","Actinopteri","Perciformes","Sebastidae","Helicolenus","Helicolenus hilgendorfi","Eukaryota","Helicolenus hilgendorfi","Helicolenus hilgendorfi","Helicolenus hilgendorfi"
"ASV325","Eukaryota","Chordata","Actinopteri","Salmoniformes","Salmonidae","Salmo","Salmo","Eukaryota",NA,"Salmo","Salmo 4"
"ASV326","Eukaryota","Chordata","Actinopteri","Gadiformes","Lotidae","Lota","Lota lota","Eukaryota","Lota lota","Lota lota","Lota lota 3"
"ASV327","Eukaryota","Chordata","Actinopteri","Clupeiformes","Clupeidae","Clupea","Clupea pallasii","Eukaryota","Clupea pallasii","Clupea pallasii","Clupea pallasii 17"
"ASV328","Eukaryota","Chordata","Actinopteri","Gadiformes","Gadidae","Micromesistius","Micromesistius poutassou","Eukaryota","Micromesistius poutassou","Micromesistius poutassou","Micromesistius poutassou"
"ASV329","Eukaryota","Chordata","Actinopteri","Scombriformes","Scombridae","Scomber","Scomber scombrus","Eukaryota","Scomber scombrus","Scomber scombrus","Scomber scombrus 8"
"ASV330","Eukaryota","Chordata","Actinopteri","Gadiformes","Merlucciidae","Merluccius","Merluccius senegalensis","Eukaryota","Merluccius senegalensis","Merluccius senegalensis","Merluccius senegalensis 1"
"ASV332","Eukaryota","Chordata","Actinopteri","Gobiiformes","Gobiidae","Gobiusculus","Gobiusculus flavescens","Eukaryota","Gobiusculus flavescens","Gobiusculus flavescens","Gobiusculus flavescens 11"
"ASV335","Eukaryota","Chordata","Actinopteri","Clupeiformes","Clupeidae","Clupea","Clupea pallasii","Eukaryota","Clupea pallasii","Clupea pallasii","Clupea pallasii 18"
"ASV336","Eukaryota","Chordata","Mammalia","Primates","Hominidae","Homo","Homo heidelbergensis","Eukaryota","Homo heidelbergensis","Homo heidelbergensis","Homo heidelbergensis"
"ASV338","Eukaryota","Chordata","Actinopteri","Salmoniformes","Salmonidae","Salmo","Salmo","Eukaryota",NA,"Salmo","Salmo 5"
"ASV339","Eukaryota","Chordata","Actinopteri","Salmoniformes","Salmonidae","Salvelinus","Salvelinus curilus","Eukaryota","Salvelinus curilus","Salvelinus curilus","Salvelinus curilus 6"
"ASV340","Eukaryota","Chordata","Actinopteri","Perciformes","Pholidae","Pholis","Pholis","Eukaryota",NA,"Pholis","Pholis 3"
"ASV346","Eukaryota","Chordata","Actinopteri","Labriformes","Labridae","Ctenolabrus","Ctenolabrus rupestris","Eukaryota","Ctenolabrus rupestris","Ctenolabrus rupestris","Ctenolabrus rupestris 18"
"ASV347","Eukaryota","Chordata","Actinopteri","Labriformes","Labridae","Ctenolabrus","Ctenolabrus rupestris","Eukaryota","Ctenolabrus rupestris","Ctenolabrus rupestris","Ctenolabrus rupestris 19"
"ASV351","Eukaryota","Chordata","Actinopteri","Salmoniformes","Salmonidae","Salmo","Salmo","Eukaryota",NA,"Salmo","Salmo 6"
"ASV352","Eukaryota","Chordata","Actinopteri","Salmoniformes","Salmonidae","Salmo","Salmo","Eukaryota",NA,"Salmo","Salmo 7"
"ASV353","Eukaryota","Chordata","Actinopteri","Gadiformes","Lotidae","Molva","Molva molva","Eukaryota","Molva molva","Molva molva","Molva molva 8"
"ASV355","Eukaryota","Chordata","Aves","Anseriformes","Anatidae","Mergus","Mergus merganser","Eukaryota","Mergus merganser","Mergus merganser","Mergus merganser"
"ASV358","Eukaryota","Chordata","Actinopteri","Salmoniformes","Salmonidae","Salmo","Salmo labrax","Eukaryota","Salmo labrax","Salmo labrax","Salmo labrax 2"
"ASV359","Eukaryota","Chordata","Aves","Passeriformes","Motacillidae","Motacilla","Motacilla tschutschensis","Eukaryota","Motacilla tschutschensis","Motacilla tschutschensis","Motacilla tschutschensis"
"ASV362","Eukaryota","Chordata","Actinopteri","Scombriformes","Scombridae","Scomber","Scomber scombrus","Eukaryota","Scomber scombrus","Scomber scombrus","Scomber scombrus 9"
"ASV364","Eukaryota","Chordata","Actinopteri","Pleuronectiformes","Scophthalmidae","Zeugopterus","Zeugopterus norvegicus","Eukaryota","Zeugopterus norvegicus","Zeugopterus norvegicus","Zeugopterus norvegicus 4"
"ASV365","Eukaryota","Chordata","Actinopteri","Pleuronectiformes","Pleuronectidae","Pleuronectidae","Pleuronectidae","Eukaryota",NA,"Pleuronectidae","Pleuronectidae 5"
"ASV369","Eukaryota","Chordata","Actinopteri","Labriformes","Labridae","Ctenolabrus","Ctenolabrus rupestris","Eukaryota","Ctenolabrus rupestris","Ctenolabrus rupestris","Ctenolabrus rupestris 20"
"ASV370","Eukaryota","Chordata","Actinopteri","Gadiformes","Gadidae","Gadus","Gadus finnmarchicus","Eukaryota","Gadus finnmarchicus","Gadus finnmarchicus","Gadus finnmarchicus"
"ASV374","Eukaryota","Chordata","Mammalia","Mammalia","Mammalia","Mammalia","Mammalia","Eukaryota",NA,"Mammalia","Mammalia 4"
"ASV376","Eukaryota","Chordata","Actinopteri","Cypriniformes","Leuciscidae","Phoxinus","Phoxinus","Eukaryota",NA,"Phoxinus","Phoxinus 25"
"ASV377","Eukaryota","Chordata","Actinopteri","Perciformes","Cottidae","Myoxocephalus","Myoxocephalus thompsonii","Eukaryota","Myoxocephalus thompsonii","Myoxocephalus thompsonii","Myoxocephalus thompsonii"
"ASV378","Eukaryota","Chordata","Actinopteri","Syngnathiformes","Syngnathidae","Entelurus","Entelurus aequoreus","Eukaryota","Entelurus aequoreus","Entelurus aequoreus","Entelurus aequoreus"
"ASV379","Eukaryota","Chordata","Mammalia","Rodentia","Muridae","Apodemus","Apodemus sylvaticus","Eukaryota","Apodemus sylvaticus","Apodemus sylvaticus","Apodemus sylvaticus"
"ASV385","Eukaryota","Chordata","Mammalia","Carnivora","Felidae","Felis","Felis margarita","Eukaryota","Felis margarita","Felis margarita","Felis margarita"
"ASV387","Eukaryota","Chordata","Actinopteri","Salmoniformes","Salmonidae","Salmo","Salmo labrax","Eukaryota","Salmo labrax","Salmo labrax","Salmo labrax 3"
"ASV388","Eukaryota","Chordata","Actinopteri","Labriformes","Labridae","Symphodus","Symphodus melops","Eukaryota","Symphodus melops","Symphodus melops","Symphodus melops 3"
"ASV389","Eukaryota","Chordata","Mammalia","Rodentia","Muridae","Rattus","Rattus norvegicus","Eukaryota","Rattus norvegicus","Rattus norvegicus","Rattus norvegicus"
"ASV390","Eukaryota","Chordata","Actinopteri","Cypriniformes","Leuciscidae","Phoxinus","Phoxinus","Eukaryota",NA,"Phoxinus","Phoxinus 26"
"ASV397","Eukaryota","Chordata","Actinopteri","Salmoniformes","Salmonidae","Salmo","Salmo","Eukaryota",NA,"Salmo","Salmo 8"
"ASV398","Eukaryota","Chordata","Actinopteri","Pleuronectiformes","Pleuronectidae","Pleuronectidae","Pleuronectidae","Eukaryota",NA,"Pleuronectidae","Pleuronectidae 6"
"ASV399","Eukaryota","Chordata","Actinopteri","Clupeiformes","Clupeidae","Clupeidae","Clupeidae","Eukaryota",NA,"Clupeidae","Clupeidae 1"
"ASV401","Eukaryota","Chordata","Actinopteri","Cypriniformes","Leuciscidae","Phoxinus","Phoxinus","Eukaryota",NA,"Phoxinus","Phoxinus 27"
"ASV403","Eukaryota","Chordata","Actinopteri","Labriformes","Labridae","Symphodus","Symphodus melops","Eukaryota","Symphodus melops","Symphodus melops","Symphodus melops 4"
"ASV404","Eukaryota","Chordata","Actinopteri","Pleuronectiformes","Pleuronectidae","Pleuronectidae","Pleuronectidae","Eukaryota",NA,"Pleuronectidae","Pleuronectidae 7"
"ASV408","Eukaryota","Chordata","Actinopteri","Salmoniformes","Salmonidae","Salmo","Salmo","Eukaryota",NA,"Salmo","Salmo 9"
"ASV411","Eukaryota","Chordata","Aves","Gaviiformes","Gaviidae","Gavia","Gavia stellata","Eukaryota","Gavia stellata","Gavia stellata","Gavia stellata"
"ASV412","Eukaryota","Chordata","Actinopteri","Clupeiformes","Clupeidae","Clupeidae","Clupeidae","Eukaryota",NA,"Clupeidae","Clupeidae 2"
"ASV415","Eukaryota","Chordata","Actinopteri","Gadiformes","Gadidae","Melanogrammus","Melanogrammus aeglefinus","Eukaryota","Melanogrammus aeglefinus","Melanogrammus aeglefinus","Melanogrammus aeglefinus 3"
"ASV416","Eukaryota","Chordata","Mammalia","Eulipotyphla","Soricidae","Sorex","Sorex araneus","Eukaryota","Sorex araneus","Sorex araneus","Sorex araneus"
"ASV417","Eukaryota","Chordata","Actinopteri","Scombriformes","Scombridae","Scomber","Scomber scombrus","Eukaryota","Scomber scombrus","Scomber scombrus","Scomber scombrus 10"
"ASV421","Eukaryota","Chordata","Actinopteri","Labriformes","Labridae","Ctenolabrus","Ctenolabrus rupestris","Eukaryota","Ctenolabrus rupestris","Ctenolabrus rupestris","Ctenolabrus rupestris 21"
"ASV422","Eukaryota","Chordata","Actinopteri","Clupeiformes","Clupeidae","Clupea","Clupea","Eukaryota",NA,"Clupea","Clupea 8"
"ASV423","Eukaryota","Chordata","Actinopteri","Clupeiformes","Clupeidae","Clupeidae","Clupeidae","Eukaryota",NA,"Clupeidae","Clupeidae 3"
"ASV424","Eukaryota","Chordata","Actinopteri","Perciformes","Gasterosteidae","Gasterosteus","Gasterosteus gymnurus","Eukaryota","Gasterosteus gymnurus","Gasterosteus gymnurus","Gasterosteus gymnurus 2"
"ASV425","Eukaryota","Chordata","Actinopteri","Labriformes","Labridae","Ctenolabrus","Ctenolabrus rupestris","Eukaryota","Ctenolabrus rupestris","Ctenolabrus rupestris","Ctenolabrus rupestris 22"
"ASV426","Eukaryota","Chordata","Actinopteri","Labriformes","Labridae","Ctenolabrus","Ctenolabrus rupestris","Eukaryota","Ctenolabrus rupestris","Ctenolabrus rupestris","Ctenolabrus rupestris 23"
"ASV427","Eukaryota","Chordata","Actinopteri","Gadiformes","Gadidae","Pollachius","Pollachius","Eukaryota",NA,"Pollachius","Pollachius"
"ASV428","Eukaryota","Chordata","Actinopteri","Labriformes","Labridae","Ctenolabrus","Ctenolabrus rupestris","Eukaryota","Ctenolabrus rupestris","Ctenolabrus rupestris","Ctenolabrus rupestris 24"
"ASV429","Eukaryota","Chordata","Mammalia","Perissodactyla","Equidae","Equus","Equus caballus","Eukaryota","Equus caballus","Equus caballus","Equus caballus"
"ASV432","Eukaryota","Chordata","Actinopteri","Gadiformes","Gadidae","Pollachius","Pollachius virens","Eukaryota","Pollachius virens","Pollachius virens","Pollachius virens 13"
"ASV433","Eukaryota","Chordata","Actinopteri","Perciformes","Pholidae","Pholis","Pholis","Eukaryota",NA,"Pholis","Pholis 4"
"ASV434","Eukaryota","Chordata","Actinopteri","Salmoniformes","Salmonidae","Salmo","Salmo","Eukaryota",NA,"Salmo","Salmo 10"
"ASV436","Eukaryota","Chordata","Actinopteri","Gobiiformes","Gobiidae","Pomatoschistus","Pomatoschistus pictus","Eukaryota","Pomatoschistus pictus","Pomatoschistus pictus","Pomatoschistus pictus 4"
"ASV437","Eukaryota","Chordata","Actinopteri","Perciformes","Gasterosteidae","Gasterosteus","Gasterosteus","Eukaryota",NA,"Gasterosteus","Gasterosteus 2"
"ASV438","Eukaryota","Chordata","Actinopteri","Actinopteri","Actinopteri","Actinopteri","Actinopteri","Eukaryota",NA,"Actinopteri","Actinopteri 3"
"ASV439","Eukaryota","Chordata","Actinopteri","Clupeiformes","Clupeidae","Clupeidae","Clupeidae","Eukaryota",NA,"Clupeidae","Clupeidae 4"
"ASV443","Eukaryota","Chordata","Actinopteri","Perciformes","Pholidae","Pholis","Pholis crassispina","Eukaryota","Pholis crassispina","Pholis crassispina","Pholis crassispina 3"
"ASV444","Eukaryota","Chordata","Actinopteri","Perciformes","Pholidae","Pholis","Pholis crassispina","Eukaryota","Pholis crassispina","Pholis crassispina","Pholis crassispina 4"
"ASV446","Eukaryota","Chordata","Actinopteri","Labriformes","Labridae","Ctenolabrus","Ctenolabrus rupestris","Eukaryota","Ctenolabrus rupestris","Ctenolabrus rupestris","Ctenolabrus rupestris 25"
"ASV447","Eukaryota","Chordata","Actinopteri","Labriformes","Labridae","Labrus","Labrus mixtus","Eukaryota","Labrus mixtus","Labrus mixtus","Labrus mixtus 4"
"ASV448","Eukaryota","Chordata","Mammalia","Primates","Hominidae","Homo","Homo","Eukaryota",NA,"Homo","Homo"
"ASV449","Eukaryota","Chordata","Actinopteri","Salmoniformes","Salmonidae","Salmo","Salmo","Eukaryota",NA,"Salmo","Salmo 11"
"ASV450","Eukaryota","Chordata","Actinopteri","Clupeiformes","Clupeidae","Clupea","Clupea pallasii","Eukaryota","Clupea pallasii","Clupea pallasii","Clupea pallasii 19"
"ASV451","Eukaryota","Chordata","Actinopteri","Gadiformes","Merlucciidae","Merluccius","Merluccius senegalensis","Eukaryota","Merluccius senegalensis","Merluccius senegalensis","Merluccius senegalensis 2"
"ASV452","Eukaryota","Chordata","Actinopteri","Labriformes","Labridae","Labrus","Labrus bergylta","Eukaryota","Labrus bergylta","Labrus bergylta","Labrus bergylta 3"
"ASV453","Eukaryota","Chordata","Actinopteri","Gadiformes","Lotidae","Ciliata","Ciliata septentrionalis","Eukaryota","Ciliata septentrionalis","Ciliata septentrionalis","Ciliata septentrionalis 2"
"ASV454","Eukaryota","Chordata","Actinopteri","Cypriniformes","Leuciscidae","Phoxinus","Phoxinus bigerri","Eukaryota","Phoxinus bigerri","Phoxinus bigerri","Phoxinus bigerri"
"ASV455","Eukaryota","Chordata","Actinopteri","Scombriformes","Scombriformes","Scombriformes","Scombriformes","Eukaryota",NA,"Scombriformes","Scombriformes"
"ASV456","Eukaryota","Chordata","Actinopteri","Gadiformes","Gadidae","Pollachius","Pollachius virens","Eukaryota","Pollachius virens","Pollachius virens","Pollachius virens 14"
"ASV459","Eukaryota","Chordata","Actinopteri","Actinopteri","Actinopteri","Actinopteri","Actinopteri","Eukaryota",NA,"Actinopteri","Actinopteri 4"
"ASV460","Eukaryota","Chordata","Actinopteri","Labriformes","Labridae","Labrus","Labrus mixtus","Eukaryota","Labrus mixtus","Labrus mixtus","Labrus mixtus 5"
"ASV463","Eukaryota","Chordata","Actinopteri","Clupeiformes","Clupeidae","Clupea","Clupea pallasii","Eukaryota","Clupea pallasii","Clupea pallasii","Clupea pallasii 20"
"ASV464","Eukaryota","Chordata","Actinopteri","Pleuronectiformes","Scophthalmidae","Zeugopterus","Zeugopterus punctatus","Eukaryota","Zeugopterus punctatus","Zeugopterus punctatus","Zeugopterus punctatus 4"
"ASV465","Eukaryota","Chordata","Actinopteri","Cypriniformes","Leuciscidae","Phoxinus","Phoxinus","Eukaryota",NA,"Phoxinus","Phoxinus 28"
"ASV467","Eukaryota","Chordata","Actinopteri","Clupeiformes","Clupeidae","Clupea","Clupea harengus","Eukaryota","Clupea harengus","Clupea harengus","Clupea harengus 31"
"ASV468","Eukaryota","Chordata","Actinopteri","Cypriniformes","Leuciscidae","Phoxinus","Phoxinus","Eukaryota",NA,"Phoxinus","Phoxinus 29"
"ASV469","Eukaryota","Chordata","Actinopteri","Cypriniformes","Leuciscidae","Phoxinus","Phoxinus","Eukaryota",NA,"Phoxinus","Phoxinus 30"
"ASV470","Eukaryota","Chordata","Actinopteri","Gadiformes","Merlucciidae","Merluccius","Merluccius senegalensis","Eukaryota","Merluccius senegalensis","Merluccius senegalensis","Merluccius senegalensis 3"
"ASV471","Eukaryota","Chordata","Actinopteri","Perciformes","Pholidae","Pholis","Pholis","Eukaryota",NA,"Pholis","Pholis 5"
"ASV472","Eukaryota","Chordata","Actinopteri","Labriformes","Labridae","Symphodus","Symphodus","Eukaryota",NA,"Symphodus","Symphodus"
"ASV474","Eukaryota","Chordata","Actinopteri","Perciformes","Cottidae","Myoxocephalus","Myoxocephalus quadricornis","Eukaryota","Myoxocephalus quadricornis","Myoxocephalus quadricornis","Myoxocephalus quadricornis 6"
"ASV475","Eukaryota","Chordata","Actinopteri","Labriformes","Labridae","Labrus","Labrus mixtus","Eukaryota","Labrus mixtus","Labrus mixtus","Labrus mixtus 6"
"ASV477","Eukaryota","Chordata","Actinopteri","Gadiformes","Lotidae","Molva","Molva molva","Eukaryota","Molva molva","Molva molva","Molva molva 9"
"ASV478","Eukaryota","Chordata","Actinopteri","Clupeiformes","Clupeidae","Clupea","Clupea pallasii","Eukaryota","Clupea pallasii","Clupea pallasii","Clupea pallasii 21"
"ASV479","Eukaryota","Chordata","Actinopteri","Cypriniformes","Leuciscidae","Phoxinus","Phoxinus","Eukaryota",NA,"Phoxinus","Phoxinus 31"
"ASV481","Eukaryota","Chordata","Actinopteri","Perciformes","Pholidae","Pholis","Pholis gunnellus","Eukaryota","Pholis gunnellus","Pholis gunnellus","Pholis gunnellus 4"
"ASV482","Eukaryota","Chordata","Actinopteri","Gadiformes","Merlucciidae","Merluccius","Merluccius","Eukaryota",NA,"Merluccius","Merluccius 2"
